{
  "n_prompts": 57,
  "n_runs": 3,
  "models": [
    {
      "model": "opus-fast",
      "n_prompts": 57,
      "n_runs": 3,
      "accuracies": [
        0.9298245614035088,
        0.8947368421052632,
        0.8947368421052632
      ],
      "mean_accuracy": 0.9064327485380117,
      "std_dev": 0.02025790418209213,
      "std_error": 0.011695906432748537,
      "ci_95_lower": 0.8947368421052632,
      "ci_95_upper": 0.9298245614035089,
      "min_accuracy": 0.8947368421052632,
      "max_accuracy": 0.9298245614035088
    }
  ],
  "comparisons": []
}